INSERT INTO crm_sales_rep (id, name, mobile, team_name, status) VALUES
(1, '林晓峰', '13800010001', '北京本地生活一组', 'ACTIVE'),
(2, '周雨晴', '13800010002', '华北商家增长组', 'ACTIVE'),
(3, '陈嘉宁', '13800010003', '续费运营组', 'ACTIVE');

INSERT INTO crm_customer (
    id, name, industry, city, address, contact_name, contact_mobile, lifecycle_stage,
    value_level, risk_level, owner_sales_rep_id, last_contact_at, next_follow_time,
    package_expire_at, tags, remark
) VALUES
(1001, '美家房产', '房产', '北京', '朝阳区望京街道', '王经理', '13910001001', 'RENEWAL', 'A', 'MEDIUM', 1, '2026-05-03 10:00:00', '2026-05-14 10:00:00', '2026-05-31 23:59:59', '续费,价格敏感,重视曝光', '关注曝光转化和同行案例'),
(1002, '快聘人力', '招聘', '天津', '南开区金融街', '李总', '13910001002', 'ACTIVE', 'A', 'LOW', 2, '2026-05-04 14:00:00', '2026-05-13 16:00:00', '2026-06-18 23:59:59', '高意向,招聘旺季', '近期招聘需求增长'),
(1003, '老街火锅', '餐饮', '石家庄', '桥西区中山路', '赵店长', '13910001003', 'RENEWAL', 'B', 'HIGH', 3, '2026-04-28 11:30:00', '2026-05-14 15:00:00', '2026-05-25 23:59:59', '价格异议,续费风险', '担心续费效果不稳定'),
(1004, '安心家政', '家政', '北京', '海淀区中关村', '刘经理', '13910001004', 'ACTIVE', 'B', 'LOW', 1, '2026-05-10 09:20:00', '2026-05-15 09:30:00', '2026-07-01 23:59:59', '服务扩张,口碑经营', '想提升阿姨服务曝光'),
(1005, '星启教育', '教育培训', '北京', '丰台区科技园', '孙校长', '13910001005', 'TRIAL', 'B', 'MEDIUM', 1, '2026-05-01 18:00:00', '2026-05-16 10:00:00', '2026-06-05 23:59:59', '转化关注,试听课', '关注线索质量'),
(1006, '顺达汽修', '汽修', '天津', '河西区解放南路', '马老板', '13910001006', 'ACTIVE', 'C', 'LOW', 2, '2026-05-08 15:00:00', '2026-05-18 11:00:00', '2026-08-08 23:59:59', '保养套餐,老客召回', '希望做保养活动'),
(1007, '云朵摄影', '本地生活服务', '北京', '西城区鼓楼', '何经理', '13910001007', 'ACTIVE', 'B', 'MEDIUM', 1, '2026-04-30 10:30:00', '2026-05-13 17:00:00', '2026-06-12 23:59:59', '婚纱照,客资成本', '关注客资成本'),
(1008, '优选搬家', '本地生活服务', '天津', '和平区南京路', '张经理', '13910001008', 'ACTIVE', 'B', 'LOW', 2, '2026-05-11 12:00:00', '2026-05-19 14:00:00', '2026-07-15 23:59:59', '旺季,电话线索', '即将进入旺季'),
(1009, '贝壳宠物', '本地生活服务', '北京', '通州区梨园', '郑店长', '13910001009', 'TRIAL', 'C', 'MEDIUM', 3, '2026-05-02 16:00:00', '2026-05-16 16:00:00', '2026-06-02 23:59:59', '试用,到店转化', '试用期需要效果复盘'),
(1010, '悦动健身', '本地生活服务', '北京', '朝阳区国贸', '吴经理', '13910001010', 'ACTIVE', 'A', 'MEDIUM', 1, '2026-05-05 20:00:00', '2026-05-14 19:00:00', '2026-06-28 23:59:59', '高价值,私教转化', '高客单客户'),
(1011, '禾田花艺', '本地生活服务', '天津', '河东区万达', '顾老板', '13910001011', 'ACTIVE', 'C', 'LOW', 2, '2026-05-06 13:20:00', '2026-05-20 10:00:00', '2026-08-01 23:59:59', '节日营销,曝光', '适合节点营销'),
(1012, '橙子口腔', '本地生活服务', '北京', '海淀区五道口', '蒋经理', '13910001012', 'RENEWAL', 'A', 'MEDIUM', 3, '2026-04-29 15:10:00', '2026-05-15 15:30:00', '2026-05-29 23:59:59', '续费,合规敏感', '医疗类表达需谨慎'),
(1013, '北城租车', '本地生活服务', '北京', '昌平区回龙观', '罗经理', '13910001013', 'ACTIVE', 'B', 'LOW', 1, '2026-05-09 09:00:00', '2026-05-21 09:00:00', '2026-07-20 23:59:59', '旅游旺季,电话咨询', '暑期前可加预算'),
(1014, '乐学托管', '教育培训', '天津', '西青区大学城', '彭老师', '13910001014', 'TRIAL', 'B', 'MEDIUM', 2, '2026-05-07 17:00:00', '2026-05-17 11:00:00', '2026-06-09 23:59:59', '试用,暑期班', '暑期班招生窗口'),
(1015, '好味烘焙', '餐饮', '北京', '东城区东四', '方店长', '13910001015', 'ACTIVE', 'C', 'LOW', 3, '2026-05-12 08:50:00', '2026-05-22 09:30:00', '2026-08-10 23:59:59', '新品,到店券', '新品推广中'),
(1016, '洁净洗衣', '本地生活服务', '天津', '红桥区芥园道', '邵老板', '13910001016', 'ACTIVE', 'C', 'MEDIUM', 2, '2026-04-27 13:00:00', '2026-05-14 13:30:00', '2026-06-01 23:59:59', '沉默,召回', '超过两周未深度沟通'),
(1017, '阳光月嫂', '家政', '北京', '大兴区亦庄', '唐经理', '13910001017', 'ACTIVE', 'A', 'LOW', 1, '2026-05-12 10:40:00', '2026-05-18 10:00:00', '2026-07-30 23:59:59', '高价值,服务口碑', '老客转介绍稳定'),
(1018, '极速开锁', '本地生活服务', '北京', '房山区良乡', '宋老板', '13910001018', 'ACTIVE', 'B', 'HIGH', 3, '2026-04-25 23:00:00', '2026-05-13 21:00:00', '2026-05-27 23:59:59', '夜间服务,投诉风险', '需关注服务响应承诺'),
(1019, '青藤自习室', '教育培训', '天津', '滨海新区泰达', '谢店长', '13910001019', 'TRIAL', 'C', 'LOW', 2, '2026-05-09 18:30:00', '2026-05-18 18:00:00', '2026-06-20 23:59:59', '试用,学生客群', '适合考试季投放'),
(1020, '智联家电维修', '本地生活服务', '北京', '顺义区后沙峪', '曹经理', '13910001020', 'ACTIVE', 'B', 'MEDIUM', 1, '2026-05-03 19:10:00', '2026-05-16 14:00:00', '2026-06-08 23:59:59', '维修,价格异议', '希望降低无效咨询');

INSERT INTO crm_product_package (id, name, industry, price, duration_days, benefits, limitations, status) VALUES
(8001, '本地生活曝光基础版', '本地生活服务', 3999.00, 90, '商户主页曝光、搜索排序权益、基础数据看板', '不包含行业专属活动资源', 'ACTIVE'),
(8002, '房产线索增长版', '房产', 8999.00, 180, '房源曝光、电话线索、同城推荐位、月度效果复盘', '需符合房源真实性规范', 'ACTIVE'),
(8003, '招聘旺季冲刺版', '招聘', 6999.00, 120, '职位曝光、简历线索、招聘季活动资源', '不承诺具体入职人数', 'ACTIVE'),
(8004, '餐饮到店转化版', '餐饮', 4999.00, 90, '套餐券曝光、到店转化分析、节日活动资源', '需商户自行核销履约', 'ACTIVE'),
(8005, '教育招生增长版', '教育培训', 5999.00, 120, '试听课线索、家长客群触达、课程页优化建议', '不得使用升学保证类违规承诺', 'ACTIVE');

INSERT INTO crm_lead (id, customer_id, sales_rep_id, source, stage, intent_level, estimated_amount, expected_close_date, score, score_reason, status) VALUES
(3001, 1001, 1, 'RENEWAL_POOL', 'NEGOTIATING', 'HIGH', 8999.00, '2026-05-20', 86.50, '套餐即将到期，A 类客户，最近 10 天未联系', 'OPEN'),
(3002, 1002, 2, 'INBOUND', 'QUALIFIED', 'HIGH', 6999.00, '2026-05-22', 81.00, '招聘旺季，高意向线索', 'OPEN'),
(3003, 1003, 3, 'RENEWAL_POOL', 'OBJECTION', 'MEDIUM', 4999.00, '2026-05-18', 73.50, '价格异议未解决，续费风险高', 'OPEN'),
(3004, 1004, 1, 'REFERRAL', 'FOLLOWING', 'MEDIUM', 3999.00, '2026-06-01', 64.00, '家政服务扩张，有新增预算可能', 'OPEN'),
(3005, 1005, 1, 'TRIAL', 'QUALIFIED', 'MEDIUM', 5999.00, '2026-05-28', 68.00, '试听课线索质量待复盘', 'OPEN'),
(3006, 1006, 2, 'INBOUND', 'FOLLOWING', 'LOW', 3999.00, '2026-06-10', 52.00, '保养活动意向一般', 'OPEN'),
(3007, 1007, 1, 'INBOUND', 'QUALIFIED', 'MEDIUM', 3999.00, '2026-06-06', 62.00, '客资成本敏感，需要案例', 'OPEN'),
(3008, 1008, 2, 'SEASONAL', 'FOLLOWING', 'MEDIUM', 3999.00, '2026-05-29', 61.00, '搬家旺季前可推动加投', 'OPEN'),
(3009, 1009, 3, 'TRIAL', 'QUALIFIED', 'LOW', 3999.00, '2026-05-26', 55.00, '试用期效果待观察', 'OPEN'),
(3010, 1010, 1, 'RENEWAL_POOL', 'NEGOTIATING', 'HIGH', 8999.00, '2026-05-27', 78.00, '高价值客户，私教转化关注', 'OPEN'),
(3011, 1011, 2, 'SEASONAL', 'FOLLOWING', 'LOW', 3999.00, '2026-06-15', 49.00, '节日营销节点未到', 'OPEN'),
(3012, 1012, 3, 'RENEWAL_POOL', 'NEGOTIATING', 'HIGH', 6999.00, '2026-05-19', 84.00, '续费临近且合规要求高', 'OPEN'),
(3013, 1013, 1, 'SEASONAL', 'FOLLOWING', 'MEDIUM', 4999.00, '2026-06-05', 58.00, '旅游旺季前有加投空间', 'OPEN'),
(3014, 1014, 2, 'TRIAL', 'QUALIFIED', 'MEDIUM', 5999.00, '2026-05-30', 66.00, '暑期班招生窗口', 'OPEN'),
(3015, 1015, 3, 'INBOUND', 'FOLLOWING', 'LOW', 3999.00, '2026-06-18', 47.00, '新品推广预算较小', 'OPEN'),
(3016, 1016, 2, 'SILENT_RECALL', 'FOLLOWING', 'MEDIUM', 3999.00, '2026-05-25', 70.00, '沉默客户，套餐临近到期', 'OPEN'),
(3017, 1017, 1, 'REFERRAL', 'NEGOTIATING', 'HIGH', 6999.00, '2026-06-08', 79.00, '高价值家政客户，口碑稳定', 'OPEN'),
(3018, 1018, 3, 'RISK_POOL', 'OBJECTION', 'MEDIUM', 3999.00, '2026-05-21', 76.00, '夜间服务投诉风险，需要质检提醒', 'OPEN'),
(3019, 1019, 2, 'TRIAL', 'QUALIFIED', 'LOW', 3999.00, '2026-06-02', 50.00, '考试季可尝试低预算投放', 'OPEN'),
(3020, 1020, 1, 'RENEWAL_POOL', 'OBJECTION', 'MEDIUM', 3999.00, '2026-05-24', 71.00, '价格异议和无效咨询问题待处理', 'OPEN'),
(3021, 1001, 1, 'UPSELL', 'FOLLOWING', 'MEDIUM', 3999.00, '2026-06-02', 60.00, '可追加曝光资源', 'OPEN'),
(3022, 1002, 2, 'UPSELL', 'NEGOTIATING', 'HIGH', 8999.00, '2026-06-01', 74.00, '招聘旺季可升级套餐', 'OPEN'),
(3023, 1003, 3, 'RENEWAL_POOL', 'FOLLOWING', 'LOW', 3999.00, '2026-06-05', 48.00, '预算犹豫，需要先复盘效果', 'OPEN'),
(3024, 1004, 1, 'UPSELL', 'QUALIFIED', 'MEDIUM', 4999.00, '2026-06-12', 57.00, '家政阿姨品类扩展', 'OPEN'),
(3025, 1005, 1, 'TRIAL', 'FOLLOWING', 'LOW', 3999.00, '2026-06-07', 46.00, '需等待试听课数据', 'OPEN'),
(3026, 1012, 3, 'UPSELL', 'QUALIFIED', 'MEDIUM', 6999.00, '2026-06-09', 63.00, '口腔项目需合规表达', 'OPEN'),
(3027, 1016, 2, 'RISK_POOL', 'OBJECTION', 'MEDIUM', 3999.00, '2026-05-23', 69.00, '长期未联系，需召回', 'OPEN'),
(3028, 1017, 1, 'UPSELL', 'FOLLOWING', 'HIGH', 8999.00, '2026-06-14', 75.00, '可做高端服务曝光', 'OPEN'),
(3029, 1018, 3, 'RISK_POOL', 'FOLLOWING', 'MEDIUM', 3999.00, '2026-05-23', 67.00, '需降低服务承诺风险', 'OPEN'),
(3030, 1020, 1, 'RENEWAL_POOL', 'FOLLOWING', 'LOW', 3999.00, '2026-06-03', 54.00, '维修咨询质量待优化', 'OPEN');

INSERT INTO crm_task (id, customer_id, lead_id, sales_rep_id, title, content, due_time, status, source, idempotency_key) VALUES
(7001, 1001, 3001, 1, '复盘美家房产曝光效果', '准备上月曝光和电话线索数据，沟通续费优惠。', '2026-05-14 10:00:00', 'PENDING', 'MANUAL', 'seed-task-7001'),
(7002, 1002, 3002, 2, '跟进快聘人力招聘旺季方案', '确认招聘岗位数量和预算上限。', '2026-05-13 16:00:00', 'PENDING', 'MANUAL', 'seed-task-7002'),
(7003, 1003, 3003, 3, '处理老街火锅价格异议', '用 ROI 和同行案例解释套餐价值。', '2026-05-14 15:00:00', 'PENDING', 'MANUAL', 'seed-task-7003'),
(7004, 1005, 3005, 1, '复盘星启教育试听课线索', '确认线索有效率和试听到课率。', '2026-05-16 10:00:00', 'PENDING', 'MANUAL', 'seed-task-7004'),
(7005, 1012, 3012, 3, '核对橙子口腔合规话术', '避免承诺治疗效果，强调合规展示。', '2026-05-15 15:30:00', 'PENDING', 'MANUAL', 'seed-task-7005'),
(7006, 1016, 3016, 2, '召回洁净洗衣沉默客户', '先确认近期订单和投诉情况。', '2026-05-14 13:30:00', 'PENDING', 'MANUAL', 'seed-task-7006'),
(7007, 1018, 3018, 3, '提醒极速开锁服务承诺边界', '核查夜间服务响应承诺是否合规。', '2026-05-13 21:00:00', 'PENDING', 'MANUAL', 'seed-task-7007'),
(7008, 1020, 3020, 1, '分析智联家电维修无效咨询', '整理无效咨询分类并给出优化建议。', '2026-05-16 14:00:00', 'PENDING', 'MANUAL', 'seed-task-7008'),
(7009, 1017, 3028, 1, '设计阳光月嫂高端服务曝光方案', '围绕口碑和转介绍做高价值套餐沟通。', '2026-05-18 10:00:00', 'PENDING', 'MANUAL', 'seed-task-7009'),
(7010, 1014, 3014, 2, '沟通乐学托管暑期班招生', '准备暑期班活动资源和家长客群数据。', '2026-05-17 11:00:00', 'PENDING', 'MANUAL', 'seed-task-7010');

INSERT INTO crm_contact_log (
    id, customer_id, sales_rep_id, lead_id, channel, content, summary,
    customer_intent, objections, next_action, contact_at
) VALUES
(5001, 1001, 1, 3001, 'PHONE', '客户关注套餐续费后曝光是否稳定，希望看到上月数据。', '客户关注续费效果，需要数据复盘。', 'HIGH', '担心效果不足', '准备曝光和电话线索数据', '2026-05-01 10:00:00'),
(5002, 1001, 1, 3001, 'WECHAT', '客户询问是否有续费优惠，表示预算需要老板审批。', '客户询问优惠和审批流程。', 'HIGH', '价格敏感', '给出优惠边界和案例', '2026-05-02 16:00:00'),
(5003, 1001, 1, 3021, 'PHONE', '客户愿意看同行房产案例，重点关注真实电话量。', '客户接受案例复盘。', 'HIGH', '线索质量担忧', '发送同行案例', '2026-05-03 10:00:00'),
(5004, 1002, 2, 3002, 'PHONE', '客户近期增加招聘岗位，想快速提升简历量。', '招聘需求明确。', 'HIGH', '', '确认岗位和预算', '2026-05-02 14:00:00'),
(5005, 1002, 2, 3002, 'WECHAT', '客户希望本周看到旺季套餐对比。', '客户要求套餐对比。', 'HIGH', '预算比较', '发送套餐对比', '2026-05-03 09:30:00'),
(5006, 1002, 2, 3022, 'PHONE', '客户对升级套餐有兴趣，但希望分阶段投放。', '可推进升级方案。', 'HIGH', '预算节奏', '设计分阶段投放', '2026-05-04 14:00:00'),
(5007, 1003, 3, 3003, 'PHONE', '客户觉得套餐有点贵，担心续费后没有效果。', '客户有价格异议。', 'MEDIUM', '价格异议', '用 ROI 案例解释', '2026-04-26 11:00:00'),
(5008, 1003, 3, 3003, 'WECHAT', '客户希望先看上月到店和曝光数据。', '客户要求效果证明。', 'MEDIUM', '效果担忧', '整理效果数据', '2026-04-27 15:40:00'),
(5009, 1003, 3, 3023, 'PHONE', '客户表示如果有优惠可以继续聊。', '优惠可作为推动点。', 'MEDIUM', '价格敏感', '申请可用优惠', '2026-04-28 11:30:00'),
(5010, 1004, 1, 3004, 'PHONE', '客户想提升月嫂和保洁服务曝光。', '家政品类扩展需求。', 'MEDIUM', '', '整理品类方案', '2026-05-08 09:00:00'),
(5011, 1004, 1, 3004, 'WECHAT', '客户反馈老客转介绍不错，想补充线上获客。', '线上获客需求明确。', 'MEDIUM', '', '提供线上获客建议', '2026-05-09 18:00:00'),
(5012, 1004, 1, 3024, 'PHONE', '客户希望了解同城服务商投放情况。', '需要同行参考。', 'MEDIUM', '缺少案例', '发送家政案例', '2026-05-10 09:20:00'),
(5013, 1005, 1, 3005, 'PHONE', '客户关注试听课线索是否精准。', '教育客户关注线索质量。', 'MEDIUM', '线索质量', '复盘试听到课率', '2026-04-29 17:20:00'),
(5014, 1005, 1, 3005, 'WECHAT', '客户希望暑期班前先试小预算。', '客户倾向试投。', 'MEDIUM', '预算谨慎', '设计试投方案', '2026-04-30 16:40:00'),
(5015, 1005, 1, 3025, 'PHONE', '客户愿意等一周数据再决定升级。', '升级需等待数据。', 'LOW', '效果不确定', '跟进数据变化', '2026-05-01 18:00:00'),
(5016, 1006, 2, 3006, 'PHONE', '客户想做保养套餐活动，但预算有限。', '汽修活动意向一般。', 'LOW', '预算有限', '提供基础套餐', '2026-05-06 15:00:00'),
(5017, 1006, 2, 3006, 'WECHAT', '客户反馈电话咨询质量还可以。', '线索质量反馈正向。', 'MEDIUM', '', '整理案例', '2026-05-07 10:20:00'),
(5018, 1006, 2, 3006, 'PHONE', '客户表示月底再看活动排期。', '决策时间较晚。', 'LOW', '排期未定', '月底前提醒', '2026-05-08 15:00:00'),
(5019, 1007, 1, 3007, 'PHONE', '客户关注婚纱照客资成本。', '关注成本控制。', 'MEDIUM', '客资成本', '提供成本优化建议', '2026-04-28 10:00:00'),
(5020, 1007, 1, 3007, 'WECHAT', '客户想看摄影行业案例。', '需要行业案例。', 'MEDIUM', '缺少案例', '发送摄影案例', '2026-04-29 11:20:00'),
(5021, 1007, 1, 3007, 'PHONE', '客户接受先做小范围曝光测试。', '同意试投。', 'MEDIUM', '预算谨慎', '制定试投计划', '2026-04-30 10:30:00'),
(5022, 1008, 2, 3008, 'PHONE', '客户预计搬家旺季电话量会上升。', '旺季需求明确。', 'MEDIUM', '', '确认旺季预算', '2026-05-09 12:00:00'),
(5023, 1008, 2, 3008, 'WECHAT', '客户希望套餐能覆盖周末高峰。', '关注投放时段。', 'MEDIUM', '时段覆盖', '设计周末投放', '2026-05-10 13:00:00'),
(5024, 1008, 2, 3008, 'PHONE', '客户对基础版较感兴趣。', '基础版可推进。', 'MEDIUM', '', '发送基础版报价', '2026-05-11 12:00:00'),
(5025, 1009, 3, 3009, 'PHONE', '客户试用期内到店转化一般。', '转化效果待提升。', 'LOW', '到店转化低', '分析转化漏斗', '2026-04-30 16:00:00'),
(5026, 1009, 3, 3009, 'WECHAT', '客户希望优化商户主页。', '主页优化需求明确。', 'MEDIUM', '', '提供主页优化建议', '2026-05-01 14:00:00'),
(5027, 1009, 3, 3009, 'PHONE', '客户愿意再观察一周。', '暂缓决策。', 'LOW', '效果不确定', '一周后复盘', '2026-05-02 16:00:00'),
(5028, 1010, 1, 3010, 'PHONE', '客户关注私教体验课转化。', '高价值转化关注。', 'HIGH', '', '复盘私教线索', '2026-05-03 20:00:00'),
(5029, 1010, 1, 3010, 'WECHAT', '客户希望看到高客单健身案例。', '需要高客单案例。', 'HIGH', '缺少案例', '发送健身案例', '2026-05-04 19:30:00'),
(5030, 1010, 1, 3010, 'PHONE', '客户对升级曝光位有兴趣。', '可推进升级。', 'HIGH', '预算审批', '准备升级方案', '2026-05-05 20:00:00'),
(5031, 1011, 2, 3011, 'PHONE', '客户主要关注节日鲜花节点。', '节点营销需求。', 'LOW', '', '节日前提醒', '2026-05-04 13:00:00'),
(5032, 1011, 2, 3011, 'WECHAT', '客户反馈平时订单稳定，不急于加投。', '短期意愿低。', 'LOW', '紧迫性不足', '保留触达', '2026-05-05 13:30:00'),
(5033, 1011, 2, 3011, 'PHONE', '客户愿意在节日前两周沟通。', '后续节点明确。', 'LOW', '', '设置节点任务', '2026-05-06 13:20:00'),
(5034, 1012, 3, 3012, 'PHONE', '客户希望续费，但担心医疗合规表达。', '续费意愿高，合规敏感。', 'HIGH', '合规风险', '准备合规话术', '2026-04-27 15:00:00'),
(5035, 1012, 3, 3012, 'WECHAT', '客户要求所有宣传表达先审核。', '需要审核机制。', 'HIGH', '合规审核', '整理审核清单', '2026-04-28 10:00:00'),
(5036, 1012, 3, 3026, 'PHONE', '客户对升级项目有兴趣，但必须避免疗效承诺。', '升级有机会。', 'HIGH', '合规风险', '提供合规案例', '2026-04-29 15:10:00'),
(5037, 1013, 1, 3013, 'PHONE', '客户预计暑期租车需求增长。', '暑期旺季需求。', 'MEDIUM', '', '准备暑期方案', '2026-05-07 09:00:00'),
(5038, 1013, 1, 3013, 'WECHAT', '客户关注电话咨询量。', '关注咨询量。', 'MEDIUM', '', '复盘电话线索', '2026-05-08 09:30:00'),
(5039, 1013, 1, 3013, 'PHONE', '客户愿意六月初再加预算。', '预算窗口在六月。', 'MEDIUM', '预算时间', '六月初跟进', '2026-05-09 09:00:00'),
(5040, 1014, 2, 3014, 'PHONE', '客户关注暑期班招生线索。', '招生需求明确。', 'MEDIUM', '', '提供招生方案', '2026-05-05 17:00:00'),
(5041, 1014, 2, 3014, 'WECHAT', '客户担心家长咨询质量。', '关注线索质量。', 'MEDIUM', '线索质量', '说明筛选策略', '2026-05-06 11:30:00'),
(5042, 1014, 2, 3014, 'PHONE', '客户愿意先试投一周。', '同意试投。', 'MEDIUM', '预算谨慎', '创建试投任务', '2026-05-07 17:00:00'),
(5043, 1015, 3, 3015, 'PHONE', '客户想推广新品蛋糕。', '新品推广需求。', 'LOW', '', '提供到店券建议', '2026-05-10 08:50:00'),
(5044, 1015, 3, 3015, 'WECHAT', '客户预算较少，倾向基础曝光。', '低预算。', 'LOW', '预算有限', '推荐基础版', '2026-05-11 09:00:00'),
(5045, 1015, 3, 3015, 'PHONE', '客户本周先不升级。', '短期不升级。', 'LOW', '预算有限', '下周再联系', '2026-05-12 08:50:00'),
(5046, 1016, 2, 3016, 'PHONE', '客户近期沟通较少，需要确认经营情况。', '沉默客户召回。', 'MEDIUM', '沉默', '电话召回', '2026-04-25 13:00:00'),
(5047, 1016, 2, 3027, 'WECHAT', '客户反馈订单一般，对续费犹豫。', '续费风险存在。', 'MEDIUM', '效果担忧', '复盘订单来源', '2026-04-26 17:00:00'),
(5048, 1016, 2, 3016, 'PHONE', '客户愿意听优化建议。', '召回有机会。', 'MEDIUM', '', '准备优化建议', '2026-04-27 13:00:00'),
(5049, 1017, 1, 3017, 'PHONE', '客户服务口碑稳定，想提升高端月嫂曝光。', '高价值扩展需求。', 'HIGH', '', '设计高端服务方案', '2026-05-10 10:00:00'),
(5050, 1017, 1, 3028, 'WECHAT', '客户对高客单资源位有兴趣。', '升级意愿高。', 'HIGH', '预算审批', '准备升级报价', '2026-05-11 10:30:00'),
(5051, 1017, 1, 3017, 'PHONE', '客户愿意下周确认方案。', '方案推进中。', 'HIGH', '', '下周确认方案', '2026-05-12 10:40:00'),
(5052, 1018, 3, 3018, 'PHONE', '客户夜间服务响应压力大，担心投诉。', '服务风险较高。', 'MEDIUM', '投诉风险', '提示承诺边界', '2026-04-23 21:00:00'),
(5053, 1018, 3, 3029, 'WECHAT', '客户想强调快速到达，但不确定是否能稳定履约。', '存在承诺风险。', 'MEDIUM', '履约风险', '做合规质检', '2026-04-24 22:00:00'),
(5054, 1018, 3, 3018, 'PHONE', '客户接受先规范话术再投放。', '愿意配合整改。', 'MEDIUM', '', '输出合规话术', '2026-04-25 23:00:00'),
(5055, 1019, 2, 3019, 'PHONE', '客户自习室考试季需求上升。', '考试季机会。', 'LOW', '', '准备考试季方案', '2026-05-07 18:30:00'),
(5056, 1019, 2, 3019, 'WECHAT', '客户想小预算试投。', '预算谨慎。', 'LOW', '预算有限', '提供试投方案', '2026-05-08 18:00:00'),
(5057, 1019, 2, 3019, 'PHONE', '客户愿意等考试报名节点。', '等待节点。', 'LOW', '', '节点前提醒', '2026-05-09 18:30:00'),
(5058, 1020, 1, 3020, 'PHONE', '客户反馈无效咨询偏多，希望降低成本。', '无效咨询问题突出。', 'MEDIUM', '无效咨询', '分析咨询来源', '2026-05-01 19:00:00'),
(5059, 1020, 1, 3030, 'WECHAT', '客户觉得套餐价格偏高。', '价格异议存在。', 'MEDIUM', '价格异议', '提供 ROI 说明', '2026-05-02 19:30:00'),
(5060, 1020, 1, 3020, 'PHONE', '客户愿意看维修行业案例后再决定。', '案例可推动。', 'MEDIUM', '缺少案例', '发送维修案例', '2026-05-03 19:10:00');
